IWordElement;IWordElement.ElementType
WordMarkdownAddIn.Services.WordTitle;Title
WordMarkdownAddIn.Services.WordTitle;Title
WordMarkdownAddIn.Services.WordParagraph;Paragraph
WordMarkdownAddIn.Services.WordTitle;Title
WordMarkdownAddIn.Services.WordTitle;Title
WordMarkdownAddIn.Services.WordListItem;ListItem
WordMarkdownAddIn.Services.WordListItem;ListItem
WordMarkdownAddIn.Services.WordListItem;ListItem
WordMarkdownAddIn.Services.WordListItem;ListItem
WordMarkdownAddIn.Services.WordTitle;Title
WordMarkdownAddIn.Services.WordListItem;ListItem
WordMarkdownAddIn.Services.WordListItem;ListItem
WordMarkdownAddIn.Services.WordListItem;ListItem
WordMarkdownAddIn.Services.WordListItem;ListItem
WordMarkdownAddIn.Services.WordTitle;Title
WordMarkdownAddIn.Services.WordListItem;ListItem
WordMarkdownAddIn.Services.WordListItem;ListItem
WordMarkdownAddIn.Services.WordListItem;ListItem
WordMarkdownAddIn.Services.WordTitle;Title
WordMarkdownAddIn.Services.WordListItem;ListItem
WordMarkdownAddIn.Services.WordListItem;ListItem
WordMarkdownAddIn.Services.WordListItem;ListItem
